no,istasyon,sartname,x_ros,y_ros,z_ros,direk_mesafe,ad,yol
1,SULU_YOL,§6.3 Su Geçişi ve Yağmur,-0.12,2.13,1.992,0.0208,İKA6-A-001-002-00,PRK26-A-001-001-00/İKA6-A1-001-001-00/İKA6-A-001-002-00
2,TASLI_YOL,§6.4 Taşlı/Çakıllı Yol,-7.619,2.13,2.038,0.0212,İKA6-A-001-002-00_2,PRK26-A-001-001-00/İKA6-A1-001-001-00_2/İKA6-A-001-002-00_2
3,YAN_EGIM,§6.5 Yan Eğim %20,-12.876,2.13,2.013,0.0213,İKA6-A-001-002-00_3,PRK26-A-001-001-00/İKA6-A1-001-001-00_3/İKA6-A-001-002-00_3
4,DIK_ENGEL,§6.6 Dik Engel 15 cm,-18.047,7.87,2.053,0.0212,İKA6-A-001-002-00_4,PRK26-A-001-001-00/İKA6-A1-001-001-00_4/İKA6-A-001-002-00_4
5,KONİLİ_YOL,§6.7 Trafik Konileri,-12.717,7.87,2.03,0.0213,İKA6-A-001-002-00_5,PRK26-A-001-001-00/İKA6-A1-001-001-00_5/İKA6-A-001-002-00_5
6,KAYAR_ENGEL,§6.8 Kayar Engel,-2.752,7.87,1.998,0.0213,İKA6-A-001-002-00_6,PRK26-A-001-001-00/İKA6-A1-001-001-00_6/İKA6-A-001-002-00_6
7,ENGEBELİ_ARAZİ,§6.9 Engebeli Arazi,0.304,22.09,2.034,0.0213,İKA6-A-001-002-00_7,PRK26-A-001-001-00/İKA6-A1-001-001-00_7/İKA6-A-001-002-00_7
8,DIK_EGIM_GIRIS,§6.10 rampa girişi,-12.849,22.13,2.031,0.0213,İKA6-A-001-002-00_8,PRK26-A-001-001-00/İKA6-A1-001-001-00_8/İKA6-A-001-002-00_8
9,ATIS_BOLGESI,"§6.10 atış, rampa ortası",-15.575,22.13,2.023,0.0212,İKA6-A-001-002-00_9,PRK26-A-001-001-00/İKA6-A1-001-001-00_9/İKA6-A-001-002-00_9
10,DIK_EGIM_CIKIS,§6.10 rampa çıkışı,-18.319,22.13,2.029,0.0212,İKA6-A-001-002-00_10,PRK26-A-001-001-00/İKA6-A1-001-001-00_10/İKA6-A-001-002-00_10
11,HIZLANMA_PARKURU,§6.11 Hızlanma 30 m,-25.556,31.68,2.034,0.0213,İKA6-A-001-002-00_11,PRK26-A-001-001-00/İKA6-A1-001-001-00_11/İKA6-A-001-002-00_11
11 STOP,HIZLANMA_BITIS,§6.11 bitiş çizgisi,5.453,31.68,2.0,0.0213,İKA6-A-001-002-00_11 STOP,PRK26-A-001-001-00/İKA6-A1-001-001-00_11 STOP/İKA6-A-001-002-00_11 STOP
STOP,DUR,§6.10 zorunlu 2 s duruş,-18.486,17.87,2.004,0.0212,İKA6-A-001-002-00_STOP,PRK26-A-001-001-00/İKA6-A1-001-001-00_STOP/İKA6-A-001-002-00_STOP
STOP,DUR,§6.10 zorunlu 2 s duruş,-12.737,17.88,2.004,0.0213,İKA6-A-001-002-00_STOP,PRK26-A-001-001-00/İKA6-A1-001-001-00_STOP/İKA6-A-001-002-00_STOP
